ThePotatoman,abortion,0.119749690467922
JesusFreak,abortion,3.2751812563327575e-06
Saurbaby,abortion,0.50897289064776763
Liber,abortion,0.81873580959800085
bubbas123,abortion,0.48282595481970814
DaWolfman,abortion,0.33445051541005782
LeahBear,abortion,0.87785584063394895
zach2375,abortion,0.90564912468921155
Formalhaut,abortion,0.53861208797288784
MKIced,abortion,0.34166930323632533
nailo1234,abortion,0.23452132121453184
KIJO,abortion,0.20632081403477831
iamdavidh,abortion,0.025837007280171201
gcomeau,abortion,0.88653755181672811
aveskde,abortion,0.71724299374947809
Nazerke,abortion,0.78664383876919997
elizy,abortion,0.25041984529805716
zombee,abortion,0.96072154911235963
HereIStand,abortion,0.92984088540877063
RubiaL.,abortion,0.00034880761409810274
ddjxie,abortion,0.26608295939130061
ismail,abortion,0.79577407913884324
chocomo,abortion,0.048844975913015454
ryuukyuzo,abortion,0.74592695216455673
StephanMay,abortion,0.0054751385301233793
puppylove831,abortion,0.23135422947777651
KingBlack,abortion,0.48282018075496713
Madina,abortion,0.19233628745952358
ReventonRage,abortion,0.96194157248239975
TERMINATOR,abortion,0.5
Bobbi,abortion,0.96423310264211493
samanthaWho,abortion,0.91516446479377833
shuvit,abortion,0.74771985487170467
Nick91983,abortion,0.96245103707786261
wolverinetre,abortion,0.17489834308666355
johnrey,abortion,0.5
Fredrik1ST,abortion,0.5
atypican,abortion,0.5039803616657057
Republican2,abortion,0.037100370812463437
PrayerFails,abortion,0.88098558091243695
Maplecat,abortion,0.51974449666051148
Zander,abortion,0.022253744097716726
Eldana,abortion,0.37111191580798247
Famo,abortion,0.047654709296654524
Ismaila,abortion,0.0011929527025787293
MuckaMcCaw,abortion,0.54170264597349682
viovenomlet,abortion,0.42366870666120993
KingOfPopForever,abortion,0.48730859149835642
