TheHallow1,obama,0.5
colt,obama,0.5
TheAnarchy,obama,0.53216916943062731
TPARTY,obama,0.45507028746774975
emilliano,obama,0.63517684038339017
tjroldan81,obama,0.5
Hellno,obama,0.63031346806477295
nickpresley,obama,0.64627622021549969
jewlz,obama,0.84724549228396207
Redcoat007,obama,0.30828015583666285
sibemol,obama,0.70299370989085541
qazx1234qazx,obama,0.5
Cojo62,obama,0.57430199802256998
twinsmominmn,obama,0.028740792854517683
Merlin13,obama,0.064072999050433233
Koda,obama,0.28960389938148812
lagoboy,obama,0.22929651297988771
Mahollinder,obama,0.72810509524234512
Bohemian,obama,0.3086013509194156
Sunset,obama,0.056502765566816847
sivanmkd,obama,0.8795449602807337
Emperor,obama,0.92294122066785689
PirateLord,obama,0.98969385153381828
Witchypoo,obama,0.46089982689762937
sop4life603,obama,0.55098505995765368
Enlightened1,obama,0.1684415001440987
JustIgnoreMe,obama,0.59702858832347039
PeterPundit,obama,0.94734764828085816
monkeyboy142,obama,0.49753072270005344
Republican2,obama,0.58480594455464574
