ThePotatoman,marijuana,0.69525780274262983
Saurbaby,marijuana,0.71458226958872217
lostmma,marijuana,0.77638990046736145
Srom,marijuana,0.7913949488217481
ravemasterdj,marijuana,0.77638990046736145
maliey,marijuana,0.77157666328425822
Tamisan,marijuana,0.79083893125054383
gnsdude,marijuana,0.793658569712132
MKIced,marijuana,0.77962048386404803
joecavalry,marijuana,0.77638990046736145
pj12,marijuana,0.73504382283415481
dseuss7,marijuana,0.76713244763835098
Ziti,marijuana,0.77638990046736145
zombee,marijuana,0.77638990046736145
HGrey87,marijuana,0.64522495906041222
DaWolfman,marijuana,0.73147322286232186
andsoccer16,marijuana,0.77807474384829001
VincentCross,marijuana,0.77638990046736145
egga,marijuana,0.78274754844626038
ThePyg,marijuana,0.73671343121797583
timothychild,marijuana,0.77638990046736145
Archie,marijuana,0.76713236980015498
Boleman500,marijuana,0.77638990046736145
wolverinetre,marijuana,0.75996601166924727
Kuklapolitan,marijuana,0.68848031175532987
Cdelvalle,marijuana,0.73327556695941132
YourWorship,marijuana,0.69423829828159223
johnbonham32,marijuana,0.78311313193977428
rafael,marijuana,0.78047930577270563
altarion,marijuana,0.76889565084655453
supremepizza,marijuana,0.78742941101385555
