ThePotatoman,marijuana,0.80101389319019523
Saurbaby,marijuana,0.71708643544962403
Srom,marijuana,0.80101389319019523
ravemasterdj,marijuana,0.80101389319019523
Cyberslacker,marijuana,0.73204374183366094
Jolly,marijuana,0.80101389319019523
gnsdude,marijuana,0.80101389319019523
MKIced,marijuana,0.80101389319019523
joecavalry,marijuana,0.80101389319019523
Hellno,marijuana,0.80101389319019523
dseuss7,marijuana,0.77711398190677383
anachronist,marijuana,0.79741073528731654
zombee,marijuana,0.80101389319019523
Assface,marijuana,0.80101389319019523
vandebater,marijuana,0.80101389319019523
addltd,marijuana,0.80101389319019523
Warlin,marijuana,0.80101389319019523
VincentCross,marijuana,0.80101389319019523
Jungelson,marijuana,0.80101389319019523
GuitaristDog,marijuana,0.80101389319019523
egga,marijuana,0.80101389319019523
ThePyg,marijuana,0.80101389319019523
Boleman500,marijuana,0.80101389319019523
TheAshman,marijuana,0.80101389319019523
Cynical,marijuana,0.80101389319019523
wolverinetre,marijuana,0.77136146279286177
YourWorship,marijuana,0.76473733712994085
lolzors93,marijuana,0.80101389319019523
hera474,marijuana,0.80101389319019523
johnbonham32,marijuana,0.80101389319019523
Pachino951,marijuana,0.80101389319019523
ChadOnSunday,marijuana,0.80101389319019523
supremepizza,marijuana,0.80101389319019523
