ThePotatoman,abortion,0.66359244201968082
Saurbaby,abortion,0.76859327599015115
canteenkenny,abortion,0.75127399781021409
Th3ZViru5,abortion,0.63236077083606901
Nazerke,abortion,0.68020472230322737
churchmouse,abortion,0.79642768157839539
vassilgl,abortion,0.62963429317198372
4thHorseman,abortion,0.64978527800348607
Dremorius,abortion,0.67037054032325094
1WayOnlyGzus,abortion,0.66434184607893976
Birgitsiv,abortion,0.38976047529352742
JoshGregory,abortion,0.73621660452674575
iamdavidh,abortion,0.88806975450048009
BenWalters,abortion,0.80665889394734802
kamranw,abortion,0.3221447026599632
elizy,abortion,0.64747406000781904
anachronist,abortion,0.61205367653509724
zombee,abortion,0.92808327860727924
Liber,abortion,0.73072376383781623
amber97,abortion,0.52461019381177454
Luv2BriMe,abortion,0.94769345547356509
Apollo,abortion,0.59897886193111538
maxlollis,abortion,0.66778875920838854
Teacher,abortion,0.87553242300161249
chocomo,abortion,0.50547763482953079
KingBlack,abortion,0.80052690646502378
Warlin,abortion,0.61319709683912726
Manastacious,abortion,0.74674373224101831
ReventonRage,abortion,0.99442893372129681
Eldana,abortion,0.48708114465827612
farru,abortion,0.6463498217929452
Bobbi,abortion,0.66564931052281684
samanthaWho,abortion,0.70835662505188535
Shykosya,abortion,0.6093551360267444
TheThinker,abortion,0.71874896940427391
Nick91983,abortion,0.79558642922276213
HereIStand,abortion,0.59509230264517898
DamionDB,abortion,0.63623210820988407
PrayerFails,abortion,0.67788624409447196
wolverinetre,abortion,0.52582500091178297
Republican2,abortion,0.025797433944685481
Fredrik1ST,abortion,0.56940010570683663
debateleader,abortion,0.64321119268116356
Mahollinder,abortion,0.68192837625454539
NeverUTOG,abortion,0.65079090837920239
zach2375,abortion,0.63432823332838384
shaneyam99,abortion,0.050301392553584144
atypican,abortion,0.94360759800916727
jep93,abortion,0.55184771253257492
Maplecat,abortion,0.7176450811288213
MuckaMcCaw,abortion,0.68340454556924157
Ismaila,abortion,0.66927749731795105
KingOfPopForever,abortion,0.65476725000974867
cwongie,abortion,0.65554080801215464
isashellbell,abortion,0.52131001456968473
